City_ID,City,Lat,Lng,Max Temp,Humidity,Cloudiness,Wind Speed,Country,Date
0,tweed heads,-28.1817,153.547,72.41,57,5,10.36,AU,1692584380
1,albany,42.6001,-73.9662,64.99,87,66,2.98,US,1692584380
2,sitka,57.0531,-135.33,66.09,59,20,17.27,US,1692584089
3,bilibino,68.0546,166.4372,48.67,49,43,1.66,RU,1692584105
4,severo-yeniseyskiy,60.3725,93.0408,54.14,86,100,2.51,RU,1692584383
5,puerto natales,-51.7236,-72.4875,28.69,93,100,1.92,CL,1692584081
6,waitangi,-43.9535,-176.5597,52.83,96,100,3.0,NZ,1692584085
7,placido de castro,-10.3353,-67.1856,86.16,48,66,4.16,BR,1692584385
8,qaqortoq,60.7167,-46.0333,47.41,70,0,1.3,GL,1692584088
9,grytviken,-54.2811,-36.5092,22.53,64,59,4.76,GS,1692584100
10,roses,42.262,3.1769,78.73,67,1,3.0,ES,1692584387
11,miquelon,47.0975,-56.3814,64.4,94,96,12.33,PM,1692584095
12,talnakh,69.4865,88.3972,58.21,78,100,2.64,RU,1692584137
13,mountain top,40.1068,-75.9527,68.56,77,0,0.0,US,1692584388
14,aasiaat,68.7098,-52.8699,40.66,96,94,7.76,GL,1692584251
15,touros,-5.1989,-35.4608,76.17,89,62,13.76,BR,1692583835
16,port-aux-francais,-49.35,70.2167,33.75,66,71,17.81,TF,1692584092
17,olonkinbyen,70.9221,-8.7187,42.96,98,100,27.36,SJ,1692584094
18,bethel,41.3712,-73.414,68.61,80,0,3.44,US,1692584136
19,uige,-7.6087,15.0613,65.46,86,98,2.71,AO,1692584395
20,blackmans bay,-43.0167,147.3167,62.46,53,84,9.06,AU,1692584083
21,karratha,-20.7377,116.8463,82.4,19,5,10.27,AU,1692584408
22,santa maria del oro,25.9333,-105.3667,78.15,29,100,12.84,MX,1692584409
23,puerto ayora,-0.7393,-90.3518,76.55,89,95,10.0,EC,1692584109
24,walvis bay,-22.9575,14.5053,52.09,75,0,8.52,NA,1692584411
25,west island,-12.1568,96.8225,80.58,78,40,12.66,CC,1692584129
26,ushuaia,-54.8,-68.3,40.66,56,40,8.05,AR,1692584085
27,praia da vitoria,38.7333,-27.0667,70.05,100,75,9.24,PT,1692584223
28,formosa,-26.1775,-58.1781,65.97,88,0,3.44,AR,1692584413
29,jinchang,38.4953,102.1739,77.2,17,0,5.37,CN,1692584414
30,saudarkrokur,65.7461,-19.6394,43.7,88,65,12.97,IS,1692584349
31,sinabang,2.4803,96.3801,80.92,80,100,6.98,ID,1692584416
32,middelburg,-25.7751,29.4648,57.74,46,29,7.07,ZA,1692584417
33,flin flon,54.7682,-101.865,64.45,49,93,3.91,CA,1692584418
34,tiksi,71.6872,128.8694,38.17,93,100,14.94,RU,1692584171
35,ugoofaaru,5.6667,73.0,82.35,70,0,11.77,MV,1692584420
36,georgetown,5.4112,100.3354,84.63,79,20,4.61,MY,1692584001
37,tralee,52.2704,-9.7026,57.34,95,9,6.31,IE,1692584421
38,susuman,62.7833,148.1667,43.18,89,100,4.32,RU,1692584246
39,anadyr,64.75,177.4833,55.0,47,20,8.95,RU,1692584193
40,isafjordur,66.0755,-23.124,44.26,77,3,3.69,IS,1692584080
41,edinburgh of the seven seas,-37.0676,-12.3116,57.9,88,100,34.25,SH,1692584090
42,ketchikan,55.3422,-131.6461,63.07,72,75,9.22,US,1692584426
43,hermanus,-34.4187,19.2345,53.8,87,86,27.31,ZA,1692584084
44,carnarvon,-24.8667,113.6333,64.67,56,11,20.47,AU,1692584328
45,hithadhoo,-0.6,73.0833,81.03,77,86,4.54,MV,1692584279
46,long jetty,-33.3667,151.4833,68.85,54,62,6.17,AU,1692584430
47,port alfred,-33.5906,26.891,63.75,34,0,11.72,ZA,1692584174
48,tarnogskiy gorodok,60.4997,43.5761,45.14,85,83,4.59,RU,1692584432
49,beboto,8.2668,16.939,70.63,97,100,1.32,TD,1692584434
50,veraval,20.9,70.3667,79.72,82,100,12.88,IN,1692584434
51,port elizabeth,-33.918,25.5701,59.29,94,40,16.11,ZA,1692583974
52,abay,49.6311,72.8539,64.78,63,5,1.36,KZ,1692584436
53,bredasdorp,-34.5322,20.0403,56.07,80,57,17.09,ZA,1692584106
54,neiafu,-18.65,-173.9833,81.28,78,20,8.05,TO,1692584438
55,winburg,-28.518,27.0093,44.6,16,0,5.41,ZA,1692584438
56,yellowknife,62.456,-114.3525,61.41,96,75,5.75,CA,1692584087
57,vlahita,46.35,25.5167,58.71,79,6,3.69,RO,1692584440
58,hood river,45.7054,-121.5215,80.8,27,100,1.99,US,1692584438
59,longyearbyen,78.2186,15.6401,40.84,81,100,2.3,SJ,1692584207
60,dellys,36.9172,3.9131,76.48,81,0,6.58,DZ,1692584442
61,kodiak,57.79,-152.4072,58.84,75,99,5.12,US,1692584124
62,agua dulce,18.1333,-94.1333,79.05,86,12,8.43,MX,1692584443
63,wailua homesteads,22.0669,-159.378,82.44,73,40,14.97,US,1692584132
64,kingston,17.997,-76.7936,84.4,87,20,6.91,JM,1692584123
65,cidade velha,14.9167,-23.6167,79.27,89,75,3.44,CV,1692584445
66,hammerfest,70.6634,23.6821,41.45,93,100,6.91,NO,1692584179
67,puerto armuelles,8.2833,-82.8667,77.09,87,100,4.0,PA,1692584297
68,vernon,50.2581,-119.2691,74.08,33,67,0.0,CA,1692584371
69,kuanda,56.3161,116.0806,55.81,85,98,4.56,RU,1692584447
70,ribeira grande,38.5167,-28.7,71.78,82,35,15.01,PT,1692584247
71,college,64.8569,-147.8028,53.38,91,100,13.8,US,1692584166
72,ribeira brava,32.65,-17.0667,77.09,49,17,1.99,PT,1692584449
73,alva,56.1528,-3.8051,60.24,92,41,6.4,GB,1692584450
74,tromso,69.6496,18.957,46.42,87,93,3.44,NO,1692584451
75,bandarbeyla,9.4942,50.8122,77.0,82,20,22.5,SO,1692584452
76,weno,7.4515,151.8468,84.15,79,100,12.66,FM,1692584099
77,dudinka,69.4058,86.1778,58.62,69,100,3.15,RU,1692584195
78,uturoa,-16.7333,-151.4333,77.49,76,68,16.11,PF,1692584135
79,vilyuchinsk,52.9306,158.4028,59.25,93,99,0.72,RU,1692584178
80,port mathurin,-19.6833,63.4167,73.33,80,35,14.2,MU,1692584099
81,yeonggwang,35.275,126.5094,91.06,64,44,11.59,KR,1692584457
82,toppenish,46.3774,-120.3087,81.12,13,100,7.85,US,1692584458
83,ambon,-3.6954,128.1814,77.14,88,75,3.44,ID,1692584458
84,iqaluit,63.7506,-68.5145,38.7,100,100,0.0,CA,1692584111
85,thompson,55.7435,-97.8558,59.16,94,75,5.75,CA,1692584152
86,papatowai,-46.5619,169.4708,48.04,60,42,13.6,NZ,1692584149
87,sao joao da barra,-21.6403,-41.0511,70.92,94,92,6.08,BR,1692584462
88,tocopilla,-22.092,-70.1979,64.89,68,11,3.74,CL,1692584463
89,avarua,-21.2078,-159.775,73.45,56,100,6.91,CK,1692584209
90,galliano,29.4422,-90.2992,87.19,62,0,5.75,US,1692584465
91,haiku-pauwela,20.9219,-156.3051,82.26,66,75,18.41,US,1692584130
92,canete,-37.8,-73.4,55.26,98,100,9.44,CL,1692584467
93,gurupi,-11.7292,-49.0686,85.62,28,69,3.11,BR,1692584467
94,lebu,-37.6167,-73.65,54.93,97,100,15.1,CL,1692584145
95,adamstown,-25.066,-130.1015,65.32,59,100,20.15,PN,1692584097
96,hamilton,39.1834,-84.5333,79.9,77,0,5.75,US,1692584260
97,pratt,37.6439,-98.7376,93.38,31,0,4.61,US,1692584472
98,quellon,-43.1167,-73.6167,50.25,93,100,6.91,CL,1692584473
99,punta arenas,-53.15,-70.9167,36.88,89,87,10.11,CL,1692583861
100,lalsot,26.5667,76.3333,85.98,67,98,5.41,IN,1692584474
101,tokar,18.4254,37.729,88.93,55,83,12.53,SD,1692584475
102,luderitz,-26.6481,15.1594,53.71,60,0,6.93,NA,1692584156
103,valdivia,-39.8142,-73.2459,53.69,98,100,6.58,CL,1692584476
104,saipan,15.1355,145.701,86.65,100,40,8.05,MP,1692584183
105,novodvinsk,64.4165,40.8122,47.52,80,100,6.73,RU,1692584478
106,saynshand,44.8824,110.1163,60.49,61,42,20.51,MN,1692584479
107,san patricio,28.017,-97.5169,86.29,56,100,10.22,US,1692584172
108,hadibu,12.65,54.0333,79.18,81,28,14.03,YE,1692584481
109,moose jaw,50.4001,-105.5344,61.05,63,100,11.5,CA,1692584481
110,qusmuryn,52.4503,64.6311,65.88,78,24,2.35,KZ,1692584482
111,minot air force base,48.4209,-101.3391,57.15,97,75,5.75,US,1692584169
112,bel ombre,-4.6167,55.4167,78.64,83,20,11.5,SC,1692584483
113,el rama,12.1596,-84.2195,76.24,96,96,3.36,NI,1692584484
114,ust-nera,64.5667,143.2,44.24,97,100,6.38,RU,1692584082
115,nyagan,62.1406,65.3936,52.07,76,96,3.89,RU,1692584485
116,jebrail,39.3992,47.0283,71.62,41,3,2.26,AZ,1692584486
117,saint-philippe,-21.3585,55.7679,65.79,75,0,5.99,RE,1692584315
118,beaufort west,-32.3567,22.583,53.02,31,13,18.99,ZA,1692584487
119,dunedin,-45.8742,170.5036,49.8,53,73,14.0,NZ,1692584293
120,broome,42.2506,-75.833,68.38,87,3,3.0,US,1692584489
121,sanya,18.2431,109.505,86.16,74,40,4.47,CN,1692584489
122,margaret river,-33.95,115.0667,56.82,56,13,10.04,AU,1692584094
123,pangody,65.85,74.4859,51.28,62,45,6.69,RU,1692584340
124,yuzhno-kurilsk,44.0306,145.8556,72.05,88,99,2.42,RU,1692584272
125,mata de sao joao,-12.5303,-38.2992,78.55,98,22,2.89,BR,1692584491
126,saint-denis,48.9167,2.3333,65.86,77,0,6.91,FR,1692584492
127,san antonio de pale,-1.4014,5.6325,74.08,79,100,9.86,GQ,1692584214
128,sanctuary point,-35.1114,150.629,65.59,45,28,5.41,AU,1692584493
129,tolanaro,-25.0319,46.9987,66.87,86,100,4.61,MG,1692584269
130,jawf al maqbabah,13.8378,45.8349,80.55,59,97,2.64,YE,1692584495
131,kasongo-lunda,-6.4667,16.8167,72.54,72,84,3.29,CD,1692584496
132,upper grand lagoon,30.1633,-85.7408,85.75,72,0,10.36,US,1692584496
133,utrik,11.2278,169.8474,83.55,75,100,15.57,MH,1692584250
134,dodoma,-6.1722,35.7395,64.13,65,8,6.76,TZ,1692584497
135,westport,41.1415,-73.3579,71.56,85,0,3.44,US,1692584498
136,jamestown,42.097,-79.2353,72.99,78,100,3.44,US,1692583937
137,kavaratti,10.5669,72.642,82.09,73,8,12.8,IN,1692584193
138,kununurra,-15.7667,128.7333,84.18,16,13,10.36,AU,1692584500
139,kandahar,31.0,65.75,76.42,10,3,3.24,AF,1692584500
140,flying fish cove,-10.4217,105.6791,78.48,83,100,13.8,CX,1692584162
141,ad dabbah,18.05,30.95,94.95,19,97,11.95,SD,1692584501
142,lospalos,-8.5186,127.0025,77.79,52,11,12.77,TL,1692584213
143,la ronge,55.1001,-105.2842,64.65,55,40,3.44,CA,1692584115
144,ariano irpino-martiri,41.1489,15.0833,70.54,71,0,2.1,IT,1692584503
145,rio verde de mato grosso,-18.9181,-54.8442,78.67,48,52,5.48,BR,1692584503
146,chernyshevskiy,63.0128,112.4714,58.8,46,41,7.2,RU,1692584504
147,queenstown,-31.8976,26.8753,52.3,18,0,10.29,ZA,1692584504
148,sinop,41.7711,34.8709,65.73,59,0,3.4,TR,1692584212
149,nanfeng,23.7434,111.7959,82.98,84,100,1.61,CN,1692584506
150,invercargill,-46.4,168.35,48.02,72,77,8.99,NZ,1692584122
151,levuka,50.1834,-105.4011,60.51,50,100,11.68,CA,1692584507
152,vanino,49.0869,140.2543,82.9,39,1,4.12,RU,1692584508
153,slave lake,55.2834,-114.769,64.38,55,0,6.91,CA,1692584508
154,burutu,5.3509,5.5076,76.78,91,100,4.21,NG,1692584509
155,chipata,-13.6333,32.65,63.32,47,0,4.0,ZM,1692584510
156,patong,7.8961,98.2966,86.02,75,88,9.75,TH,1692584210
157,fort leonard wood,37.7057,-92.1572,83.91,78,0,3.44,US,1692584511
158,nhamunda,-2.1861,-56.7131,79.65,44,93,3.62,BR,1692584511
159,las varillas,-31.8721,-62.7195,48.33,67,2,7.78,AR,1692584512
160,port-vila,-17.7338,168.3219,76.6,65,100,18.41,VU,1692584513
161,coxen hole,16.3244,-86.5366,81.68,83,20,5.75,HN,1692584513
162,nacala,-14.5428,40.6728,68.36,94,0,2.98,MZ,1692584514
163,katsuura,35.1333,140.3,84.97,76,35,10.2,JP,1692584515
164,vila franca do campo,37.7167,-25.4333,75.61,94,100,6.96,PT,1692584236
165,minas de marcona,-15.2119,-75.1103,60.67,68,93,5.68,PE,1692584237
166,santa cruz del norte,23.1539,-81.9236,77.81,89,100,9.86,CU,1692584516
167,berdigestyakh,62.0989,126.6992,56.88,72,85,4.29,RU,1692584517
168,bakanas,44.8081,76.2772,78.51,21,35,9.35,KZ,1692584518
169,ola,59.5833,151.2833,57.15,88,100,9.1,RU,1692584518
170,sestri levante,44.2732,9.3968,83.21,42,0,6.87,IT,1692584519
171,port saint john's,-31.6229,29.5448,62.87,61,0,5.64,ZA,1692584520
172,mil'kovo,55.6078,37.7956,57.31,88,63,8.16,RU,1692584249
173,egilsstadir,65.2653,-14.3948,46.31,71,75,13.8,IS,1692584323
174,khash,28.2211,61.2158,75.45,14,3,5.61,IR,1692584521
175,moyobamba,-6.05,-76.9667,73.27,70,36,1.1,PE,1692584522
176,cabo san lucas,22.8909,-109.9124,84.2,76,100,11.5,MX,1692584322
177,paita,-5.0892,-81.1144,69.15,85,13,12.46,PE,1692584367
178,rongelap,11.1635,166.8941,83.8,76,100,14.72,MH,1692584524
179,vadso,70.0744,29.7487,42.96,87,40,10.36,NO,1692584210
180,petropavlovsk-kamchatsky,53.0452,158.6483,57.79,100,75,11.18,RU,1692584130
181,stanley,54.868,-1.6985,54.55,87,0,1.14,GB,1692584526
182,kovdor,67.5662,30.4758,42.1,86,17,1.01,RU,1692584527
183,naifaru,5.4444,73.3657,82.35,70,0,12.15,MV,1692584528
184,akrehamn,59.2667,5.1833,61.05,88,100,13.8,NO,1692584528
185,buurhakaba,2.8026,44.0781,76.05,77,100,13.91,SO,1692584529
186,kruisfontein,-34.0033,24.7314,54.88,86,3,10.51,ZA,1692584529
187,korla,41.7597,86.1469,84.56,21,1,6.62,CN,1692584530
188,nykobing sjaelland,55.9249,11.6711,60.08,92,5,10.98,DK,1692584531
189,tabou,4.423,-7.3528,76.08,91,74,8.59,CI,1692584531
190,ghat,24.9647,10.1728,84.11,17,1,2.01,LY,1692584532
191,port douglas,-16.4833,145.4667,73.85,62,85,14.18,AU,1692584259
192,happy valley-goose bay,53.3168,-60.3315,66.51,72,75,13.8,CA,1692584321
193,ilulissat,69.2167,-51.1,57.22,67,100,18.41,GL,1692584088
194,urzhar,47.093,81.6294,75.33,29,13,2.42,KZ,1692584348
195,opuwo,-18.0607,13.84,64.18,32,0,4.99,NA,1692584536
196,hawaiian paradise park,19.5933,-154.9731,80.58,80,100,8.05,US,1692584132
197,puerto baquerizo moreno,-0.9,-89.6,74.55,78,80,13.31,EC,1692584107
198,itoman,26.1247,127.6694,86.14,82,75,10.36,JP,1692584538
199,ratnagiri,16.9833,73.3,78.6,84,13,1.81,IN,1692584539
200,mitu,1.1983,-70.1733,73.78,95,32,0.94,CO,1692584539
201,prince rupert,54.3161,-130.3201,58.03,85,0,12.66,CA,1692584459
202,st. john's,47.5649,-52.7093,67.28,96,100,13.8,CA,1692584510
203,paracale,14.2804,122.7881,88.32,62,74,4.5,PH,1692584541
204,newman,37.3138,-121.0208,82.35,62,100,1.99,US,1692584103
205,aginskoye,51.1,114.53,62.71,51,53,13.98,RU,1692584543
206,nizhniy kuranakh,58.8353,125.4869,55.9,93,100,7.49,RU,1692584543
207,chon daen,16.1895,100.8596,81.28,83,100,4.09,TH,1692584544
208,las vegas,36.175,-115.1372,76.5,70,75,24.0,US,1692584460
209,luganville,-15.5333,167.1667,75.51,88,100,11.79,VU,1692584546
210,dori,14.0354,-0.0345,82.42,65,89,11.41,BF,1692584547
211,ceeldheer,3.8488,47.1806,76.69,89,100,13.85,SO,1692584549
212,nova sintra,14.8667,-24.7167,72.84,85,100,7.23,CV,1692584081
213,kourou,5.1552,-52.6478,78.85,83,80,10.94,GF,1692584550
214,maragogi,-9.0122,-35.2225,75.38,89,85,8.37,BR,1692584550
215,bouake,7.6895,-5.0218,70.25,98,100,4.0,CI,1692584551
216,shenjiamen,29.9576,122.298,82.99,79,2,17.67,CN,1692584551
217,jardim de piranhas,-6.3786,-37.3519,78.13,71,83,16.64,BR,1692584552
218,udachny,66.4167,112.4,53.46,57,61,14.5,RU,1692584229
219,badger,64.8,-147.5333,54.43,91,100,13.8,US,1692584200
220,ulladulla,-35.35,150.4667,65.88,46,8,3.13,AU,1692584555
221,whitehorse,60.7161,-135.0538,68.99,34,75,11.5,CA,1692584196
222,grand falls-windsor,48.9332,-55.6649,60.51,94,96,6.6,CA,1692584260
223,codajas,-3.8367,-62.0569,81.79,47,0,2.68,BR,1692584557
224,wolsztyn,52.1155,16.1171,66.97,89,29,5.17,PL,1692584558
225,cadale,2.7603,46.3222,77.54,88,97,13.0,SO,1692584559
226,enewetak,11.3474,162.3373,84.38,77,88,19.33,MH,1692584192
227,fale old settlement,-9.3852,-171.2468,83.25,75,87,18.59,TK,1692584560
228,calama,-22.4667,-68.9333,48.69,11,0,8.05,CL,1692584543
229,okha,53.5739,142.9478,75.13,47,22,12.01,RU,1692584561
230,island harbour,50.724,-1.2758,60.82,92,4,3.0,GB,1692584562
231,nar'yan-mar,67.6713,53.087,42.94,94,99,9.91,RU,1692584562
232,san matias,-16.3667,-58.4,82.56,36,6,4.68,BO,1692584563
233,jamul,32.717,-116.8761,66.22,93,75,18.41,US,1692584563
234,hobyo,5.3505,48.5268,76.95,88,92,18.32,SO,1692584564
235,alaghsas,17.0187,8.0168,85.15,53,100,7.63,NE,1692584564
236,hakui,36.8833,136.7833,95.92,59,1,5.01,JP,1692584565
237,mirny,62.5353,113.9611,55.24,62,20,8.99,RU,1692584565
238,kristiansund,63.1115,7.732,59.65,94,75,3.44,NO,1692584566
239,ta`u,-14.2336,-169.5144,80.62,77,65,17.83,AS,1692584143
240,arauquita,7.0292,-71.4281,76.3,91,100,1.77,CO,1692584567
241,funadhoo,6.15,73.2667,82.56,71,0,11.77,MV,1692584567
242,mayya,61.7333,130.2811,56.32,89,100,8.48,RU,1692584568
243,atmore,31.0238,-87.4939,81.73,81,0,5.55,US,1692584569
244,port macquarie,-31.4333,152.9167,71.89,58,10,11.27,AU,1692584053
245,asosa,10.0667,34.5333,60.49,89,100,4.23,ET,1692584570
246,mugia,43.1041,-9.2179,67.91,90,100,14.38,ES,1692584570
247,jijiga,9.35,42.8,65.79,56,100,17.25,ET,1692584571
248,daru,-9.0763,143.2092,78.12,76,84,15.64,PG,1692584271
249,lazaro cardenas,17.9583,-102.2,82.87,77,100,5.03,MX,1692584572
250,bangar,16.8936,120.4243,86.61,69,68,3.91,PH,1692584573
251,ibi,38.6253,-0.5723,70.59,93,2,1.72,ES,1692584573
252,tura,25.5198,90.2201,79.45,87,100,4.23,IN,1692584215
253,broken hill,-31.95,141.4333,67.37,39,94,17.09,AU,1692584574
254,timbuktu,16.7735,-3.0074,91.2,40,71,11.01,ML,1692584575
255,ancud,-41.8697,-73.8203,49.98,96,100,15.88,CL,1692584115
256,keflavik,64.0049,-22.5624,50.41,76,0,17.27,IS,1692584576
257,christchurch,-43.5333,172.6333,54.57,54,66,23.02,NZ,1692584302
258,suoyarvi,62.0833,32.35,53.73,76,70,3.87,RU,1692584577
259,nyurba,63.2842,118.3319,58.26,47,100,8.23,RU,1692584578
260,mejit,10.2753,170.8646,83.03,79,99,18.05,MH,1692584579
261,crane,31.3974,-102.3501,89.55,26,0,12.12,US,1692584186
262,lake havasu city,34.4839,-114.3224,86.05,60,99,26.46,US,1692584531
263,iskateley,67.6803,53.1512,42.84,94,100,9.84,RU,1692584580
264,llaillay,-32.85,-70.9667,59.25,73,100,3.42,CL,1692584581
265,blackwater,-23.5833,148.8833,75.69,63,0,10.25,AU,1692584581
266,pointe-noire,-4.7761,11.8635,69.96,92,20,4.61,CG,1692584582
267,worland,44.0169,-107.9554,67.3,63,0,4.61,US,1692584322
268,amursk,50.2261,136.8994,79.86,44,22,13.58,RU,1692584585
269,ormara,25.2088,64.6357,79.72,80,28,12.12,PK,1692584587
270,sa'dah,16.9402,43.7639,71.29,29,27,3.78,YE,1692584588
271,vila do maio,15.1333,-23.2167,79.59,88,100,3.04,CV,1692584588
272,porto novo,6.4965,2.6036,75.54,92,100,4.65,BJ,1692584589
273,arraial do cabo,-22.9661,-42.0278,68.41,95,65,12.19,BR,1692584219
274,rio grande,-32.035,-52.0986,48.94,80,76,6.33,BR,1692584317
275,mount isa,-20.7333,139.5,78.57,22,0,8.05,AU,1692584591
276,el playon,7.4713,-73.2031,79.07,96,99,4.29,CO,1692584591
277,nuuk,64.1835,-51.7216,48.81,81,17,15.01,GL,1692584366
278,thinadhoo,0.5333,72.9333,81.36,77,98,10.02,MV,1692584347
279,peace river,56.2501,-117.286,70.11,52,20,4.61,CA,1692584594
280,wusong,30.95,117.7833,86.36,68,19,9.91,CN,1692584594
281,mount gambier,-37.8333,140.7667,56.48,86,97,9.1,AU,1692584034
282,vila velha,-20.3297,-40.2925,69.75,94,100,8.05,BR,1692583994
283,kazanskoye,55.6448,69.235,55.99,54,100,6.44,RU,1692584596
284,lompoc,34.6391,-120.4579,76.23,75,75,13.8,US,1692584597
285,mana,5.6592,-53.7767,78.3,84,73,12.68,GF,1692584597
286,klamath falls,42.2249,-121.7817,72.19,51,0,0.0,US,1692584598
287,languyan,5.2618,120.0807,84.04,75,100,5.3,PH,1692584599
288,gadzhiyevo,69.2551,33.3362,47.17,86,100,17.58,RU,1692584146
289,ghadamis,30.1337,9.5007,85.35,31,0,9.84,LY,1692584600
290,george town,5.4112,100.3354,84.25,78,20,4.61,MY,1692584316
291,tshabong,-26.05,22.45,55.36,13,29,6.64,BW,1692584602
292,uva,56.9908,52.1852,52.48,65,99,3.11,RU,1692584602
293,young,-32.6833,-57.6333,47.1,72,59,2.44,UY,1692584603
294,tutoia,-2.7619,-42.2744,78.66,86,18,13.06,BR,1692584604
295,tabuk,17.4189,121.4443,85.37,69,98,3.51,PH,1692584604
296,illizi,26.4833,8.4667,84.0,18,7,14.09,DZ,1692584605
297,tinyahuarco,-10.75,-76.3,36.81,89,10,2.42,PE,1692584606
298,atafu village,-8.5421,-172.5159,83.61,77,66,20.69,TK,1692584119
299,smithers,54.7804,-127.1743,62.92,55,75,6.91,CA,1692584414
300,colonia,50.9333,6.95,66.09,85,0,4.61,DE,1692584022
301,bentiu,9.2333,29.8333,73.78,84,96,2.42,SS,1692584609
302,tofol,5.3248,163.0078,82.18,78,100,3.44,FM,1692584610
303,taoudenni,22.6783,-3.9836,96.8,17,5,2.46,ML,1692584303
304,roshal',55.6685,39.8749,53.83,97,61,6.06,RU,1692584611
305,formosa do rio preto,-11.0483,-45.1931,77.67,39,14,3.6,BR,1692584612
306,parauapebas,-6.0675,-49.9022,80.33,43,22,0.51,BR,1692584612
307,khandyga,62.6667,135.6,58.96,83,99,6.31,RU,1692584191
308,el abiodh sidi cheikh,32.893,0.5484,80.02,24,4,6.53,DZ,1692584614
309,lihue,21.9789,-159.3672,83.55,65,40,14.97,US,1692584162
310,harper,4.375,-7.7169,76.35,90,87,9.55,LR,1692584616
311,ialysos,36.4104,28.1655,78.93,87,0,11.5,GR,1692584617
312,caleta de carquin,-11.0925,-77.6267,67.96,82,49,9.69,PE,1692584618
313,new norfolk,-42.7826,147.0587,63.0,51,100,10.31,AU,1692584184
314,akureyri,65.6835,-18.0878,44.53,87,100,3.44,IS,1692584620
315,port isabel,26.0734,-97.2086,85.28,76,0,6.91,US,1692584621
316,griffith,41.5284,-87.4237,74.1,89,0,5.75,US,1692584461
317,madalena,41.2162,-8.3345,66.81,87,92,2.51,PT,1692584622
318,santa cruz,-17.8,-63.1667,76.46,83,0,12.66,BO,1692584623
319,talcahuano,-36.7167,-73.1167,56.88,100,100,16.11,CL,1692584624
320,buka,40.8108,69.1986,76.21,20,0,2.8,UZ,1692584134
321,plouzane,48.3833,-4.6167,61.79,97,100,4.61,FR,1692584626
322,jayapura,-2.5333,140.7,90.79,70,82,6.85,ID,1692584627
323,imbituba,-28.24,-48.6703,62.15,91,38,7.34,BR,1692584475
324,manicore,-5.8092,-61.3003,81.63,43,50,0.47,BR,1692584628
325,tual,-5.6667,132.75,77.52,79,54,19.35,ID,1692584629
326,misratah,32.3754,15.0925,80.49,71,0,5.17,LY,1692584199
327,new richmond,45.123,-92.5366,65.89,100,0,0.0,US,1692584372
328,kone,-21.0595,164.8658,78.96,38,0,7.36,NC,1692584630
329,mpanda,-6.3655,31.0409,68.13,41,13,2.46,TZ,1692584631
330,hotan,37.0997,79.9269,83.77,13,6,1.45,CN,1692584632
331,masterton,-40.9597,175.6575,51.89,94,100,12.75,NZ,1692584632
332,lata,40.1629,-8.3327,65.91,79,95,2.28,PT,1692584174
333,hinton,53.4001,-117.5857,61.02,55,0,6.26,CA,1692584634
334,askiz,53.1319,90.5264,62.13,86,81,5.03,RU,1692584634
335,kyzyl,51.7,94.45,57.38,81,100,1.86,RU,1692584635
336,yabelo,4.8833,38.0833,58.95,58,52,7.52,ET,1692584635
337,alice springs,-23.7,133.8833,74.75,22,0,6.91,AU,1692584533
338,kimbe,-5.5502,150.1429,78.57,86,100,7.92,PG,1692584637
339,fortuna,40.5982,-124.1573,58.41,91,75,11.5,US,1692584638
340,selfoss,63.9331,-20.9971,46.04,78,100,12.21,IS,1692584639
341,wewak,-3.5534,143.6268,83.07,73,100,9.4,PG,1692584639
342,pyhajarvi,67.0701,27.2176,53.29,75,100,1.66,FI,1692584640
343,pangai,-19.8,-174.35,80.71,78,20,2.3,TO,1692584641
344,saint-pierre,-21.3393,55.4781,65.88,55,0,8.05,RE,1692584196
345,aykhal,66.0,111.5,53.46,53,67,13.62,RU,1692584643
346,malvan,16.0667,73.4667,79.38,82,15,3.78,IN,1692584644
347,nagqu,31.5,92.0,48.29,72,69,4.99,CN,1692584645
348,nurmes,63.5421,29.1397,51.42,81,6,2.01,FI,1692584646
349,sampit,-2.5333,112.95,87.31,52,9,3.38,ID,1692584647
350,port lincoln,-34.7333,135.8667,61.68,65,100,14.18,AU,1692584648
351,labytnangi,66.6572,66.4183,47.37,73,100,2.98,RU,1692584649
352,shar'ya,58.3686,45.5144,45.19,97,5,4.9,RU,1692584651
353,berryville,36.3648,-93.568,84.76,75,0,2.17,US,1692584652
354,rockland,41.1668,-74.0496,69.08,85,100,4.12,US,1692584653
355,tyuratam,45.6507,63.3156,84.45,22,100,6.42,KZ,1692584654
356,salinas,36.6777,-121.6555,75.51,65,0,5.75,US,1692584476
357,watford city,47.8022,-103.2832,56.97,100,100,6.91,US,1692584655
358,skidaway island,31.9349,-81.0471,82.35,83,0,3.0,US,1692584657
359,inarajan village,13.2736,144.7484,84.58,88,100,10.85,GU,1692584658
360,poshekhon'ye,58.4993,39.1353,48.09,90,0,4.72,RU,1692584659
361,constantia,44.1833,28.65,77.68,48,0,9.35,RO,1692584283
362,ronne,55.1009,14.7066,62.51,94,46,5.75,DK,1692584661
363,dryden,49.7833,-92.7503,61.09,63,40,3.44,CA,1692584657
364,olyokminsk,60.3736,120.4264,64.36,56,1,8.5,RU,1692584663
365,constitucion,-35.3333,-72.4167,56.52,96,100,19.48,CL,1692584156
366,chonchi,-42.6128,-73.8092,49.12,97,100,5.19,CL,1692584133
367,carbonear,47.7332,-53.2148,67.68,97,100,12.19,CA,1692584665
368,fort mcmurray,56.7268,-111.381,67.51,55,75,3.44,CA,1692584257
369,vorontsovka,50.6132,40.3549,69.62,52,15,2.24,RU,1692584667
370,xinyuan,37.3,99.0,51.46,51,0,1.07,CN,1692584668
371,luanda,-8.8368,13.2343,69.8,88,75,5.75,AO,1692584669
372,bekovo,52.4663,43.712,64.62,81,97,4.81,RU,1692584670
373,mossel bay,-34.1831,22.146,64.33,41,1,23.04,ZA,1692584672
374,guadalajara,20.6667,-103.3333,69.57,73,100,3.44,MX,1692584379
375,yinchuan,38.4681,106.2731,84.29,16,0,7.16,CN,1692584674
376,dakhla,23.6848,-15.958,71.98,85,99,11.16,EH,1692584675
377,jieyang,23.5289,116.3642,85.93,75,80,2.33,CN,1692584676
378,rurrenabaque,-14.4413,-67.5278,77.09,56,100,1.57,BO,1692584677
379,rancho palos verdes,33.7445,-118.387,70.09,96,100,11.01,US,1692584629
380,tubarjal,30.4999,38.216,85.14,39,0,11.5,SA,1692584679
381,tuy hoa,13.0833,109.3,87.44,61,90,10.18,VN,1692584679
382,cill airne,52.05,-9.5167,58.3,96,63,6.38,IE,1692584680
383,bamboo flat,11.7,92.7167,77.09,88,100,9.22,IN,1692584681
384,quatre cocos,-20.2078,57.7625,68.09,76,0,5.39,MU,1692584682
385,salinopolis,-0.6136,-47.3561,80.04,79,4,12.77,BR,1692584202
386,antsiranana,-12.2787,49.2917,69.8,80,5,10.69,MG,1692584157
387,nizhneudinsk,54.9076,99.0276,61.23,63,90,1.05,RU,1692584086
388,yeniseysk,58.4497,92.1703,60.71,62,97,0.54,RU,1692584686
389,tampakan,6.4442,124.9264,84.49,78,100,0.76,PH,1692584687
390,cascais,38.6979,-9.4215,71.6,67,25,7.0,PT,1692584688
391,nouadhibou,20.931,-17.0347,82.38,65,98,12.66,MR,1692584688
392,ha giang,22.8333,104.9833,80.42,94,100,1.59,VN,1692584689
393,valparaiso,-33.0393,-71.6273,59.58,93,75,4.61,CL,1692584514
394,batesburg-leesville,33.9101,-81.5373,82.26,75,73,7.16,US,1692584690
395,ivdel',60.6911,60.4206,50.27,72,45,2.06,RU,1692584691
396,ringkobing,56.0901,8.244,55.02,88,0,9.51,DK,1692584693
397,klaksvik,62.2266,-6.589,54.52,98,81,14.27,FO,1692584694
398,hami,42.8,93.45,84.76,13,0,7.31,CN,1692584695
399,puerto aysen,-45.4,-72.7,40.24,100,100,2.64,CL,1692584696
400,nadi,-17.8,177.4167,84.2,65,40,13.8,FJ,1692584180
401,ariquemes,-9.9133,-63.0408,83.1,44,68,2.33,BR,1692584697
402,guozhen,34.3659,107.359,82.35,63,88,2.91,CN,1692584592
403,armacao de buzios,-22.7469,-41.8817,68.25,96,88,9.95,BR,1692584699
404,bela vista de goias,-16.9728,-48.9533,65.55,72,13,4.7,BR,1692584700
405,north bay,46.3168,-79.4663,68.02,88,100,12.66,CA,1692584700
406,yarkovo,57.4028,67.0786,54.86,61,100,4.03,RU,1692584701
407,bikenibeu village,1.3673,173.1241,80.56,89,75,4.61,KI,1692584704
408,el bauga,18.262,33.9081,94.28,31,100,11.92,SD,1692584116
409,orange,33.7,-117.7675,70.5,92,75,16.11,US,1692584424
410,howrah,22.5892,88.3103,86.0,84,40,9.22,IN,1692584203
411,bodo,67.28,14.405,57.04,94,100,13.8,NO,1692584708
412,coquimbo,-29.9533,-71.3436,58.73,88,0,6.91,CL,1692584546
413,remire-montjoly,4.9167,-52.2667,78.84,83,0,3.44,GF,1692584120
414,barcelos,41.5388,-8.6151,69.35,77,87,3.09,PT,1692584710
415,shache,38.4167,77.2406,83.23,21,7,11.79,CN,1692584711
416,muisne,0.6,-80.0333,77.5,83,100,12.03,EC,1692584712
417,kasungu,-13.0333,33.4833,62.1,56,0,2.93,MW,1692584713
418,tomatlan,19.9333,-105.25,78.58,92,100,0.56,MX,1692584714
419,verdal,63.7933,11.4817,59.04,98,100,1.79,NO,1692584715
420,shalqar,47.8333,59.6,78.69,28,19,7.72,KZ,1692584657
421,santa barbara,34.7333,-120.0343,67.23,66,0,0.0,US,1692584717
422,sur,22.5667,59.5289,81.72,73,89,6.67,OM,1692584188
423,abepura,-2.6333,140.5833,90.41,52,20,8.05,ID,1692584719
424,alesund,62.4723,6.1549,59.13,96,75,3.44,NO,1692584720
425,axim,4.8699,-2.2405,75.31,94,74,7.0,GH,1692584721
426,klyuchi,52.2667,79.1667,60.4,81,100,6.55,RU,1692584722
427,motueka,-41.1333,173.0167,64.09,46,37,4.23,NZ,1692584723
428,pacasmayo,-7.4006,-79.5714,68.7,85,16,9.89,PE,1692584724
429,saint-francois,46.4154,3.9054,69.24,94,0,2.3,FR,1692584724
430,brookings,44.3114,-96.7984,67.71,73,0,8.05,US,1692584049
431,metlili chaamba,32.2667,3.6333,86.94,27,0,9.22,DZ,1692584726
432,bonawon,9.134,122.9193,87.6,76,85,4.74,PH,1692584726
433,alpena,45.0617,-83.4327,70.11,77,0,10.36,US,1692584727
434,andergrove,-21.0833,149.1833,75.65,56,34,10.76,AU,1692584728
435,la breita,-4.2608,-80.8875,73.26,70,88,7.54,PE,1692584728
436,guarapari,-20.6667,-40.4975,70.7,94,98,3.44,BR,1692584729
437,mulayjah,27.271,48.4242,89.91,50,0,8.21,SA,1692584730
438,romorantin-lanthenay,47.4167,1.8333,67.42,77,0,2.3,FR,1692584730
439,shakawe,-18.3667,21.85,60.01,23,22,3.51,BW,1692584731
440,sao jose da coroa grande,-8.8978,-35.1478,75.74,88,79,8.79,BR,1692584732
441,freeport,40.6576,-73.5832,75.76,76,0,9.22,US,1692584452
442,dehdasht,30.7949,50.5646,80.85,32,14,3.51,IR,1692584733
443,mendoza,-32.8908,-68.8272,56.73,44,40,8.05,AR,1692584734
444,buenaventura,3.8801,-77.0312,75.79,96,100,3.27,CO,1692584652
445,castillos,-34.1667,-53.8333,45.77,78,100,4.85,UY,1692584209
446,tindouf,27.6711,-8.1474,95.45,20,20,11.5,DZ,1692584736
447,prado,-17.3411,-39.2208,75.06,85,0,12.24,BR,1692584576
448,crucecita,-28.95,-58.9833,61.27,77,0,6.85,AR,1692584737
449,khorinsk,52.1657,109.7726,60.84,54,42,9.1,RU,1692584738
450,murmashi,68.8154,32.8115,46.42,87,75,7.0,RU,1692584738
451,grande prairie,55.1667,-118.8027,68.18,37,0,11.5,CA,1692584685
452,kasane,-17.8167,25.15,61.93,31,13,4.85,BW,1692584730
453,amga,60.8953,131.9608,59.2,85,100,5.46,RU,1692584740
454,campos belos,-13.0367,-46.7717,83.34,30,68,1.88,BR,1692584740
455,mulki,13.1,74.8,76.28,94,40,0.0,IN,1692584741
456,rondonopolis,-16.4708,-54.6356,79.11,42,0,3.31,BR,1692584667
457,mata-utu,-13.2816,-176.1745,82.36,71,67,13.73,WF,1692584742
458,merizo village,13.2658,144.6691,84.13,88,100,10.65,GU,1692584742
459,mount pearl,47.5166,-52.7813,66.85,96,100,13.8,CA,1692584233
460,vorgashor,67.5833,63.95,44.42,85,100,7.43,RU,1692584332
461,mutuali,-14.8706,37.0044,66.61,54,0,1.99,MZ,1692584744
462,tarko-sale,64.9225,77.785,50.23,66,11,6.76,RU,1692584744
463,sao gabriel da cachoeira,-0.1303,-67.0892,80.22,77,69,1.79,BR,1692584745
464,miri,4.4148,114.0089,80.74,89,40,2.3,MY,1692584746
465,rudnichnyy,59.617,52.4703,49.68,81,95,4.83,RU,1692584747
466,vitali,7.3711,122.2886,85.75,67,73,2.57,PH,1692584747
467,mahibadhoo,3.7833,72.9667,82.74,74,3,12.46,MV,1692584748
468,north bend,43.4065,-124.2243,60.19,88,75,20.71,US,1692584749
469,tazovsky,67.4667,78.7,44.62,84,100,7.85,RU,1692584749
470,baardheere,2.3446,42.2764,77.56,76,92,16.98,SO,1692584750
471,dickinson,29.4608,-95.0513,88.0,74,0,10.36,US,1692584687
472,sangmelima,2.9333,11.9833,66.97,100,74,2.17,CM,1692584751
473,rio branco,-9.9747,-67.81,83.01,74,0,2.3,BR,1692584631
474,ahmetli,38.5196,27.9387,72.5,65,0,1.92,TR,1692584753
475,patterson,37.4716,-121.1297,84.34,29,100,4.45,US,1692584753
476,rampura,30.25,75.2333,87.08,67,3,6.67,IN,1692584754
477,ar ruways,24.1103,52.7306,88.77,70,100,9.78,AE,1692584754
478,chui,-33.6971,-53.4616,46.17,80,100,6.44,UY,1692584755
479,kerikeri,-35.2268,173.9474,58.91,73,13,10.0,NZ,1692584756
480,hasaki,35.7333,140.8333,88.41,77,80,7.78,JP,1692584756
481,guerrero negro,27.9769,-114.0611,76.89,68,100,5.84,MX,1692584184
482,inderbor,48.55,51.7833,78.89,38,21,4.92,KZ,1692584757
483,dubbo,-32.25,148.6167,62.73,55,42,4.61,AU,1692584758
484,kokstad,-30.5472,29.4241,48.69,17,0,6.02,ZA,1692584759
485,kiunga,-6.1219,141.2906,80.64,67,99,4.07,PG,1692584759
486,ankazoabo,-22.2833,44.5167,58.75,85,0,5.17,MG,1692584760
487,dalhart,36.0595,-102.5133,82.42,32,0,8.05,US,1692584602
488,coahuayana de hidalgo,18.7,-103.6583,80.71,85,100,3.74,MX,1692584333
489,velasco ibarra,-1.05,-79.6167,77.09,81,100,3.33,EC,1692584763
490,la passe,45.5549,-0.8967,73.63,59,3,10.25,FR,1692584340
491,sola,-13.8833,167.55,77.47,85,74,24.36,VU,1692584329
492,qrendi,35.8347,14.4583,76.66,88,20,3.44,MT,1692584767
493,chichihualco,17.6833,-99.65,68.61,76,100,2.3,MX,1692584767
494,takoradi,4.8845,-1.7554,74.98,95,53,7.2,GH,1692584768
495,tamanrasset,22.785,5.5228,78.71,29,40,6.91,DZ,1692584769
496,san luis de la paz,21.3,-100.5167,62.69,76,94,7.7,MX,1692584770
497,igarka,67.4667,86.5833,55.72,94,100,1.3,RU,1692584244
498,yasnyy,51.0333,59.8742,69.69,54,9,6.98,RU,1692584771
499,chilecito,-29.1619,-67.4974,59.04,31,2,2.75,AR,1692584773
500,villa de leyva,5.645,-73.5667,60.03,95,100,2.73,CO,1692584774
501,coyhaique,-45.5752,-72.0662,37.13,100,100,1.45,CL,1692584589
502,revda,56.801,59.9303,53.11,87,100,3.44,RU,1692584289
503,ondjiva,-17.0667,15.7333,63.09,24,0,4.5,AO,1692584776
504,takhatgarh,25.3333,73.0,80.78,75,33,7.92,IN,1692584777
505,kirklareli,41.7351,27.2252,71.08,53,0,10.22,TR,1692584778
506,buba,11.5833,-15.0,75.31,96,100,3.47,GW,1692584780
507,abadan,30.3392,48.3043,91.35,79,0,6.91,IR,1692584782
508,ust'-ilimsk,58.0006,102.6619,56.5,81,100,5.59,RU,1692584782
509,moirang,24.5,93.7667,72.27,98,100,1.61,IN,1692584783
510,bathsheba,13.2167,-59.5167,81.21,89,20,9.22,BB,1692584784
511,bubaque,11.2833,-15.8333,80.46,83,100,9.51,GW,1692584785
512,barra de santo antonio,-9.4047,-35.5072,74.48,88,83,9.6,BR,1692584786
513,lupane,-18.9315,27.807,56.66,43,5,4.97,ZW,1692584787
514,kapa'a,22.0752,-159.319,83.61,73,40,14.97,US,1692584788
515,aripuana,-9.1667,-60.6333,79.97,42,94,2.01,BR,1692584263
516,north battleford,52.7834,-108.2847,64.49,39,20,8.05,CA,1692584789
517,talakan,50.3167,130.3667,68.59,90,100,8.14,RU,1692584790
518,segorbe,39.8138,-0.4521,73.54,85,4,3.65,ES,1692584791
519,mitchell,43.7094,-98.0298,67.98,68,0,9.22,US,1692584706
520,al khums,32.6486,14.2619,78.51,79,0,6.91,LY,1692584793
521,meridian,43.6121,-116.3915,70.23,77,40,5.75,US,1692584301
522,mersa matruh,31.3525,27.2453,77.5,81,0,8.28,EG,1692584795
523,navolato,24.7672,-107.6944,84.38,74,100,8.01,MX,1692584796
524,gunnedah,-30.9833,150.25,66.69,38,0,5.84,AU,1692584796
525,zeya,53.75,127.2667,68.81,54,4,5.26,RU,1692584797
526,woolgoolga,-30.1106,153.2007,71.47,57,1,10.78,AU,1692584798
527,price,39.5994,-110.8107,85.26,20,40,10.36,US,1692584655
528,polyarnyy,69.1989,33.4478,47.41,87,100,17.56,RU,1692584234
529,acarau,-2.8856,-40.12,78.1,86,4,16.89,BR,1692584800
530,bonnyville,54.2668,-110.735,60.6,65,0,3.51,CA,1692584707
531,sandnessjoen,66.0217,12.6316,57.72,95,100,9.19,NO,1692584801
532,port hedland,-20.3167,118.5667,89.65,9,0,11.5,AU,1692584802
533,mandalgovi,45.7625,106.2708,55.98,58,8,12.19,MN,1692584803
534,arpacay,40.8487,43.3291,58.24,69,3,1.36,TR,1692584803
535,tanout,14.9709,8.8879,83.21,59,100,7.05,NE,1692584804
536,zhigalovo,54.8097,105.1578,52.11,92,100,1.72,RU,1692584805
537,zuunmod,47.7069,106.9528,52.83,71,50,4.92,MN,1692584805
538,sisimiut,66.9395,-53.6735,50.72,84,4,6.78,GL,1692584250
539,afaahiti,-17.75,-149.2833,78.67,83,88,15.12,PF,1692584295
540,taltal,-25.4,-70.4833,66.27,61,4,2.66,CL,1692584808
541,maintirano,-18.0667,44.0167,69.21,86,70,10.94,MG,1692584809
542,al hawatah,13.4167,34.6333,72.68,81,100,7.9,SD,1692584810
543,kozel'sk,54.0375,35.7716,63.14,98,100,7.05,RU,1692584810
544,madang,-5.2246,145.7966,84.92,65,99,7.09,PG,1692584811
545,keningau,5.3378,116.1602,81.0,81,97,0.67,MY,1692584812
546,darjiling,27.0333,88.2667,59.74,94,100,1.01,IN,1692584680
547,waingapu,-9.6567,120.2641,82.35,53,10,18.14,ID,1692584814
548,bouafle,6.9904,-5.7442,74.97,99,78,2.75,CI,1692584814
549,saldanha,-33.0117,17.9442,55.45,90,100,23.87,ZA,1692584320
550,chancay,-11.5714,-77.2672,66.22,86,71,6.06,PE,1692584816
551,east london,-33.0153,27.9116,68.41,24,0,6.6,ZA,1692584816
552,oelwein,42.6733,-91.9135,79.59,83,100,5.01,US,1692584817
553,laascaanood,8.4774,47.3597,71.73,79,76,28.07,SO,1692584818
554,puerto san jose,13.9256,-90.8244,82.09,82,100,7.61,GT,1692584819
555,oroqen zizhiqi,50.5667,123.7167,73.9,36,52,3.02,CN,1692584820
556,zhuanghe,39.7008,122.9911,73.63,94,100,4.94,CN,1692584821
557,waat,51.1454,6.4958,63.7,87,20,2.3,DE,1692584822
558,tidjikja,18.5564,-11.4271,84.02,51,56,8.25,MR,1692584823
559,koulikoro,14.0,-7.75,76.39,66,96,6.31,ML,1692584825
560,san fernando de apure,7.8878,-67.4724,77.79,92,100,1.95,VE,1692584826
561,san jose del cabo,23.0589,-109.6977,84.18,73,100,11.5,MX,1692584750
562,cine,37.6117,28.0614,69.21,71,0,2.1,TR,1692584829
563,bakchar,57.0186,82.0711,54.14,97,100,6.08,RU,1692584830
564,kurlovo,55.4325,40.4854,57.97,94,100,6.67,RU,1692584831
565,khanty-mansiysk,61.0042,69.0019,50.11,87,0,2.24,RU,1692584665
566,argo,37.6333,22.7333,85.78,43,0,8.16,GR,1692584833
